TS,Param,Sensor
250129,72147,Depth_1
250186,72147,Depth_3
250187,72147,Depth_2
250188,72147,Depth_4
250194,72147,Depth_9
250195,72147,Depth_8
250196,72147,Depth_6
250197,72147,Depth_7
250198,72147,Depth_10
250199,72147,Depth_5
250541,300,DO_2
250542,300,DO_4
250545,10,Temp_2
4745,300,DO_1
4746,300,DO_3
4747,300,DO_5
4748,300,DO_7
4749,300,DO_9
4752,300,DO_10
4754,10,Temp_1
4755,10,Temp_3
4756,10,Temp_5
4757,10,Temp_7
4758,10,Temp_4
4768,10,Temp_6
4769,10,Temp_8
4770,10,Temp_9
4771,10,Temp_10
4773,300,DO_6
4774,300,DO_8
